{"cameraMode":{"drawMode":0,"name":"Shaded","section":"Shading Mode"},"sceneLighting":false,"audioPlay":false,"sceneViewState":{"showFog":true,"showMaterialUpdate":false,"showSkybox":false,"showFlares":true,"showImageEffects":true,"showParticleSystems":true},"in2DMode":false,"pivot":{"x":25.209375381469728,"y":13.829999923706055,"z":-9.34000015258789},"rotation":{"x":0.16347727179527284,"y":-0.32417571544647219,"z":0.05698279291391373,"w":0.9300252795219421},"size":1.602955937385559,"orthographic":true}