{"cameraMode":{"drawMode":0,"name":"Shaded","section":"Shading Mode"},"sceneLighting":true,"audioPlay":false,"sceneViewState":{"showFog":true,"showMaterialUpdate":false,"showSkybox":true,"showFlares":true,"showImageEffects":true,"showParticleSystems":true},"in2DMode":false,"pivot":{"x":-131.12127685546876,"y":615.0244140625,"z":0.0},"rotation":{"x":0.022481217980384828,"y":-0.038379501551389697,"z":0.000867135648149997,"w":0.9990273118019104},"size":1076.3211669921875,"orthographic":true}