{"cameraMode":{"drawMode":0,"name":"Shaded","section":"Shading Mode"},"sceneLighting":false,"audioPlay":false,"sceneViewState":{"showFog":true,"showMaterialUpdate":false,"showSkybox":false,"showFlares":true,"showImageEffects":true,"showParticleSystems":true},"in2DMode":false,"pivot":{"x":5.183902740478516,"y":-8.08668041229248,"z":-0.32867431640625},"rotation":{"x":0.19089676439762116,"y":-0.6022136211395264,"z":0.1512073278427124,"w":0.7602863311767578},"size":39.446502685546878,"orthographic":true}